## Custom comment;;;;

Asset ID;Starts dd/mm/YYYY HH:MM;Ends dd/mm/YYYY HH:MM;Time zone;Power MW
Sunnorte;26/09/2026 0:00;26/09/2026 1:00;America/Bogota;0
Sunnorte;26/09/2026 1:00;26/09/2026 2:00;America/Bogota;0
Sunnorte;26/09/2026 2:00;26/09/2026 3:00;America/Bogota;0
Sunnorte;26/09/2026 3:00;26/09/2026 4:00;America/Bogota;0
Sunnorte;26/09/2026 4:00;26/09/2026 5:00;America/Bogota;0
Sunnorte;26/09/2026 5:00;26/09/2026 6:00;America/Bogota;0.05
Sunnorte;26/09/2026 6:00;26/09/2026 7:00;America/Bogota;2.27
Sunnorte;26/09/2026 7:00;26/09/2026 8:00;America/Bogota;9.35
Sunnorte;26/09/2026 8:00;26/09/2026 9:00;America/Bogota;14.06
Sunnorte;26/09/2026 9:00;26/09/2026 10:00;America/Bogota;26.37
Sunnorte;26/09/2026 10:00;26/09/2026 11:00;America/Bogota;29.75
Sunnorte;26/09/2026 11:00;26/09/2026 12:00;America/Bogota;26.9
Sunnorte;26/09/2026 12:00;26/09/2026 13:00;America/Bogota;30.55
Sunnorte;26/09/2026 13:00;26/09/2026 14:00;America/Bogota;19.14
Sunnorte;26/09/2026 14:00;26/09/2026 15:00;America/Bogota;16.57
Sunnorte;26/09/2026 15:00;26/09/2026 16:00;America/Bogota;16.41
Sunnorte;26/09/2026 16:00;26/09/2026 17:00;America/Bogota;6.14
Sunnorte;26/09/2026 17:00;26/09/2026 18:00;America/Bogota;1.11
Sunnorte;26/09/2026 18:00;26/09/2026 19:00;America/Bogota;0
Sunnorte;26/09/2026 19:00;26/09/2026 20:00;America/Bogota;0
Sunnorte;26/09/2026 20:00;26/09/2026 21:00;America/Bogota;0
Sunnorte;26/09/2026 21:00;26/09/2026 22:00;America/Bogota;0
Sunnorte;26/09/2026 22:00;26/09/2026 23:00;America/Bogota;0
Sunnorte;26/09/2026 23:00;27/09/2026 0:00;America/Bogota;0
Sunnorte;27/09/2026 0:00;27/09/2026 1:00;America/Bogota;0
Sunnorte;27/09/2026 1:00;27/09/2026 2:00;America/Bogota;0
Sunnorte;27/09/2026 2:00;27/09/2026 3:00;America/Bogota;0
Sunnorte;27/09/2026 3:00;27/09/2026 4:00;America/Bogota;0
Sunnorte;27/09/2026 4:00;27/09/2026 5:00;America/Bogota;0
Sunnorte;27/09/2026 5:00;27/09/2026 6:00;America/Bogota;0.02
Sunnorte;27/09/2026 6:00;27/09/2026 7:00;America/Bogota;2.04
Sunnorte;27/09/2026 7:00;27/09/2026 8:00;America/Bogota;11.79
Sunnorte;27/09/2026 8:00;27/09/2026 9:00;America/Bogota;15.78
Sunnorte;27/09/2026 9:00;27/09/2026 10:00;America/Bogota;24.24
Sunnorte;27/09/2026 10:00;27/09/2026 11:00;America/Bogota;22.69
Sunnorte;27/09/2026 11:00;27/09/2026 12:00;America/Bogota;11.02
Sunnorte;27/09/2026 12:00;27/09/2026 13:00;America/Bogota;15.29
Sunnorte;27/09/2026 13:00;27/09/2026 14:00;America/Bogota;7.01
Sunnorte;27/09/2026 14:00;27/09/2026 15:00;America/Bogota;5.05
Sunnorte;27/09/2026 15:00;27/09/2026 16:00;America/Bogota;2.39
Sunnorte;27/09/2026 16:00;27/09/2026 17:00;America/Bogota;1.14
Sunnorte;27/09/2026 17:00;27/09/2026 18:00;America/Bogota;0.11
Sunnorte;27/09/2026 18:00;27/09/2026 19:00;America/Bogota;0
Sunnorte;27/09/2026 19:00;27/09/2026 20:00;America/Bogota;0
